ordinal	contig	position	ref	alt	gene	workload
1	chrX	100639990	C	A	ENSG00000000003	primary-distinct-gene-filtered
2	chrX	100639989	G	A	ENSG00000000003	primary-distinct-gene-filtered
3	chrX	100639988	A	C	ENSG00000000003	primary-distinct-gene-filtered
4	chrX	100639987	G	A	ENSG00000000003	primary-distinct-gene-filtered
5	chrX	100639986	A	C	ENSG00000000003	primary-distinct-gene-filtered
6	chrX	100639985	A	C	ENSG00000000003	primary-distinct-gene-filtered
7	chrX	100639984	G	A	ENSG00000000003	primary-distinct-gene-filtered
8	chrX	100639983	T	A	ENSG00000000003	primary-distinct-gene-filtered
9	chrX	100639982	C	A	ENSG00000000003	primary-distinct-gene-filtered
10	chrX	100639981	A	C	ENSG00000000003	primary-distinct-gene-filtered
11	chrX	100639980	T	A	ENSG00000000003	primary-distinct-gene-filtered
12	chrX	100639979	C	A	ENSG00000000003	primary-distinct-gene-filtered
13	chrX	100639978	A	C	ENSG00000000003	primary-distinct-gene-filtered
14	chrX	100639977	A	C	ENSG00000000003	primary-distinct-gene-filtered
15	chrX	100639976	A	C	ENSG00000000003	primary-distinct-gene-filtered
16	chrX	100639975	G	A	ENSG00000000003	primary-distinct-gene-filtered
17	chrX	100639974	A	C	ENSG00000000003	primary-distinct-gene-filtered
18	chrX	100639973	C	A	ENSG00000000003	primary-distinct-gene-filtered
19	chrX	100639972	T	A	ENSG00000000003	primary-distinct-gene-filtered
20	chrX	100639971	T	A	ENSG00000000003	primary-distinct-gene-filtered
21	chrX	100639970	G	A	ENSG00000000003	primary-distinct-gene-filtered
22	chrX	100639969	T	A	ENSG00000000003	primary-distinct-gene-filtered
23	chrX	100639968	A	C	ENSG00000000003	primary-distinct-gene-filtered
24	chrX	100639967	G	A	ENSG00000000003	primary-distinct-gene-filtered
25	chrX	100639966	A	C	ENSG00000000003	primary-distinct-gene-filtered
26	chrX	100639965	T	A	ENSG00000000003	primary-distinct-gene-filtered
27	chrX	100639964	C	A	ENSG00000000003	primary-distinct-gene-filtered
28	chrX	100639963	T	A	ENSG00000000003	primary-distinct-gene-filtered
29	chrX	100639962	G	A	ENSG00000000003	primary-distinct-gene-filtered
30	chrX	100639961	C	A	ENSG00000000003	primary-distinct-gene-filtered
31	chrX	100639960	C	A	ENSG00000000003	primary-distinct-gene-filtered
32	chrX	100639959	A	C	ENSG00000000003	primary-distinct-gene-filtered
33	chrX	100639958	T	A	ENSG00000000003	primary-distinct-gene-filtered
34	chrX	100639957	C	A	ENSG00000000003	primary-distinct-gene-filtered
35	chrX	100639956	C	A	ENSG00000000003	primary-distinct-gene-filtered
36	chrX	100639955	T	A	ENSG00000000003	primary-distinct-gene-filtered
37	chrX	100639954	A	C	ENSG00000000003	primary-distinct-gene-filtered
38	chrX	100639953	C	A	ENSG00000000003	primary-distinct-gene-filtered
39	chrX	100639952	A	C	ENSG00000000003	primary-distinct-gene-filtered
40	chrX	100639951	T	A	ENSG00000000003	primary-distinct-gene-filtered
41	chrX	100639950	C	A	ENSG00000000003	primary-distinct-gene-filtered
42	chrX	100639949	T	A	ENSG00000000003	primary-distinct-gene-filtered
43	chrX	100639948	T	A	ENSG00000000003	primary-distinct-gene-filtered
44	chrX	100639947	A	C	ENSG00000000003	primary-distinct-gene-filtered
45	chrX	100639946	T	A	ENSG00000000003	primary-distinct-gene-filtered
46	chrX	100639945	C	A	ENSG00000000003	primary-distinct-gene-filtered
47	chrX	100639944	C	A	ENSG00000000003	primary-distinct-gene-filtered
48	chrX	100639943	A	C	ENSG00000000003	primary-distinct-gene-filtered
49	chrX	100639942	T	A	ENSG00000000003	primary-distinct-gene-filtered
50	chrX	100639941	T	A	ENSG00000000003	primary-distinct-gene-filtered
51	chrX	100639940	C	A	ENSG00000000003	primary-distinct-gene-filtered
52	chrX	100639939	A	C	ENSG00000000003	primary-distinct-gene-filtered
53	chrX	100639938	T	A	ENSG00000000003	primary-distinct-gene-filtered
54	chrX	100639937	C	A	ENSG00000000003	primary-distinct-gene-filtered
55	chrX	100639936	T	A	ENSG00000000003	primary-distinct-gene-filtered
56	chrX	100639935	T	A	ENSG00000000003	primary-distinct-gene-filtered
57	chrX	100639934	T	A	ENSG00000000003	primary-distinct-gene-filtered
58	chrX	100639933	A	C	ENSG00000000003	primary-distinct-gene-filtered
59	chrX	100639932	C	A	ENSG00000000003	primary-distinct-gene-filtered
60	chrX	100639931	G	A	ENSG00000000003	primary-distinct-gene-filtered
61	chrX	100639930	T	A	ENSG00000000003	primary-distinct-gene-filtered
62	chrX	100639929	T	A	ENSG00000000003	primary-distinct-gene-filtered
63	chrX	100639928	T	A	ENSG00000000003	primary-distinct-gene-filtered
64	chrX	100639927	C	A	ENSG00000000003	primary-distinct-gene-filtered
65	chrX	100639926	G	A	ENSG00000000003	primary-distinct-gene-filtered
66	chrX	100639925	T	A	ENSG00000000003	primary-distinct-gene-filtered
67	chrX	100639924	C	A	ENSG00000000003	primary-distinct-gene-filtered
68	chrX	100639923	T	A	ENSG00000000003	primary-distinct-gene-filtered
69	chrX	100639922	A	C	ENSG00000000003	primary-distinct-gene-filtered
70	chrX	100639921	T	A	ENSG00000000003	primary-distinct-gene-filtered
71	chrX	100639920	A	C	ENSG00000000003	primary-distinct-gene-filtered
72	chrX	100639919	A	C	ENSG00000000003	primary-distinct-gene-filtered
73	chrX	100639918	C	A	ENSG00000000003	primary-distinct-gene-filtered
74	chrX	100639917	G	A	ENSG00000000003	primary-distinct-gene-filtered
75	chrX	100639916	T	A	ENSG00000000003	primary-distinct-gene-filtered
76	chrX	100639915	C	A	ENSG00000000003	primary-distinct-gene-filtered
77	chrX	100639914	A	C	ENSG00000000003	primary-distinct-gene-filtered
78	chrX	100639913	T	A	ENSG00000000003	primary-distinct-gene-filtered
79	chrX	100639912	T	A	ENSG00000000003	primary-distinct-gene-filtered
80	chrX	100639911	A	C	ENSG00000000003	primary-distinct-gene-filtered
81	chrX	100639910	A	C	ENSG00000000003	primary-distinct-gene-filtered
82	chrX	100639909	C	A	ENSG00000000003	primary-distinct-gene-filtered
83	chrX	100639908	T	A	ENSG00000000003	primary-distinct-gene-filtered
84	chrX	100639907	G	A	ENSG00000000003	primary-distinct-gene-filtered
85	chrX	100639906	A	C	ENSG00000000003	primary-distinct-gene-filtered
86	chrX	100639905	T	A	ENSG00000000003	primary-distinct-gene-filtered
87	chrX	100639904	T	A	ENSG00000000003	primary-distinct-gene-filtered
88	chrX	100639903	T	A	ENSG00000000003	primary-distinct-gene-filtered
89	chrX	100639902	C	A	ENSG00000000003	primary-distinct-gene-filtered
90	chrX	100639901	C	A	ENSG00000000003	primary-distinct-gene-filtered
91	chrX	100639900	C	A	ENSG00000000003	primary-distinct-gene-filtered
92	chrX	100639899	G	A	ENSG00000000003	primary-distinct-gene-filtered
93	chrX	100639898	A	C	ENSG00000000003	primary-distinct-gene-filtered
94	chrX	100639897	C	A	ENSG00000000003	primary-distinct-gene-filtered
95	chrX	100639896	C	A	ENSG00000000003	primary-distinct-gene-filtered
96	chrX	100639895	C	A	ENSG00000000003	primary-distinct-gene-filtered
97	chrX	100639894	A	C	ENSG00000000003	primary-distinct-gene-filtered
98	chrX	100639893	A	C	ENSG00000000003	primary-distinct-gene-filtered
99	chrX	100639892	T	A	ENSG00000000003	primary-distinct-gene-filtered
100	chrX	100639891	T	A	ENSG00000000003	primary-distinct-gene-filtered
